{"cameraMode":{"drawMode":0,"name":"Shaded","section":"Shading Mode"},"sceneLighting":true,"audioPlay":false,"sceneViewState":{"showFog":true,"showMaterialUpdate":false,"showSkybox":true,"showFlares":true,"showImageEffects":true,"showParticleSystems":true},"in2DMode":false,"pivot":{"x":13.233299255371094,"y":3.7699999809265138,"z":-20.920000076293947},"rotation":{"x":-0.22268657386302949,"y":-0.07828646153211594,"z":0.017943447455763818,"w":-0.9715772271156311},"size":15.529693603515625,"orthographic":false}