{"cameraMode":{"drawMode":0,"name":"Shaded","section":"Shading Mode"},"sceneLighting":true,"audioPlay":false,"sceneViewState":{"showFog":true,"showMaterialUpdate":false,"showSkybox":true,"showFlares":true,"showImageEffects":true,"showParticleSystems":true},"in2DMode":false,"pivot":{"x":1.7837998867034913,"y":-2.9000000953674318,"z":309.7231140136719},"rotation":{"x":-0.20724032819271089,"y":0.40423354506492617,"z":-0.09456256777048111,"w":-0.885850727558136},"size":44.41907501220703,"orthographic":false}